{"cameraMode":{"drawMode":0,"name":"Shaded","section":"Shading Mode"},"sceneLighting":true,"audioPlay":false,"sceneViewState":{"showFog":true,"showMaterialUpdate":false,"showSkybox":true,"showFlares":true,"showImageEffects":true,"showParticleSystems":true},"in2DMode":false,"pivot":{"x":3.0765209197998049,"y":6.804619789123535,"z":-9.903059005737305},"rotation":{"x":-0.05485537275671959,"y":0.5235692858695984,"z":-0.0338459350168705,"w":-0.8495655059814453},"size":13.482358932495118,"orthographic":false}