{"cameraMode":{"drawMode":0,"name":"Shaded","section":"Shading Mode"},"sceneLighting":true,"audioPlay":false,"sceneViewState":{"showFog":true,"showMaterialUpdate":false,"showSkybox":true,"showFlares":true,"showImageEffects":true,"showParticleSystems":true},"in2DMode":false,"pivot":{"x":8.219367980957032,"y":3.645380735397339,"z":0.10322603583335877},"rotation":{"x":0.014690553769469262,"y":0.005096298176795244,"z":0.00007685850141569972,"w":-0.9998863339424133},"size":17.996707916259767,"orthographic":false}