{"cameraMode":{"drawMode":0,"name":"Shaded","section":"Shading Mode"},"sceneLighting":true,"audioPlay":false,"sceneViewState":{"showFog":true,"showMaterialUpdate":false,"showSkybox":true,"showFlares":true,"showImageEffects":true,"showParticleSystems":true},"in2DMode":false,"pivot":{"x":-1.468672752380371,"y":4.429544448852539,"z":0.12404686212539673},"rotation":{"x":0.07384027540683747,"y":0.6956907510757446,"z":-0.07226140797138214,"w":0.7108762264251709},"size":15.111458778381348,"orthographic":false}