{"cameraMode":{"drawMode":0,"name":"Shaded","section":"Shading Mode"},"sceneLighting":true,"audioPlay":false,"sceneViewState":{"showFog":true,"showMaterialUpdate":false,"showSkybox":true,"showFlares":true,"showImageEffects":true,"showParticleSystems":true},"in2DMode":false,"pivot":{"x":21.53469467163086,"y":2.626116991043091,"z":8.301440175273456e-7},"rotation":{"x":0.04764547571539879,"y":-0.03385850414633751,"z":-0.001612484105862677,"w":-0.9983000159263611},"size":25.16352081298828,"orthographic":false}